,symbol,strike,Forward Price,theoPrice,Calculated Put Price,Price Difference
13871,NYMEX:LO3240719P77.25,77.25,83.4,0.14494656890164492,0.10275311609523285,0.050591670031669145
8464,NYMEX:LO3240719P77.5,77.5,83.4,0.15981663788266331,0.11347726760441912,0.05556279409861414
12739,NYMEX:LO3240719P77.75,77.75,83.4,0.17651282913402078,0.12557717585891925,0.06107392479028959
13365,NYMEX:LO3240719P78,78.0,83.4,0.19525741133603525,0.13923251610374532,0.06717613337205026
13389,NYMEX:LO3240719P78.25,78.25,83.4,0.21629494996880716,0.1546436409413703,0.07392243288661494
8205,NYMEX:LO3240719P78.5,78.5,83.4,0.23989303289930852,0.17203291934147735,0.08136704263528917
19648,NYMEX:LO3240719P78.75,78.75,83.4,0.2663425923491278,0.19164585627550146,0.08956443174295727
20691,NYMEX:LO3240719P79,79.0,83.4,0.29595771084977507,0.213751894519298,0.09856812509649529
167,NYMEX:LO3240719P79.25,79.25,83.4,0.3290747937957512,0.23864478725140614,0.10842926444166076
7470,NYMEX:LO3240719P79.5,79.5,83.4,0.3660509925122142,0.26664242038045494,0.11919493061362019
19675,NYMEX:LO3240719P79.75,79.75,83.4,0.4072617713190212,0.2980859589931537,0.130906249791208
8809,NYMEX:LO3240719P80,80.0,83.4,0.45309753167575906,0.3333381950413603,0.14359632689975868
7252,NYMEX:LO3240719P80.25,80.25,83.4,0.5039592374472477,0.3727809854846793,0.157288071897564
7557,NYMEX:LO3240719P80.5,80.5,83.4,0.5602530281524878,0.4168116933982873,0.17199200809856174
3675,NYMEX:LO3240719P80.75,80.75,83.4,0.6223838611346189,0.46583858024539637,0.1877041737280845
16734,NYMEX:LO3240719P81,81.0,83.4,0.6907482868780725,0.5202751458093928,0.20440424588570708
20030,NYMEX:LO3240719P81.25,81.25,83.4,0.7657265305911842,0.5805334720533288,0.22205402702380742
20508,NYMEX:LO3240719P81.5,81.5,83.4,0.8476741225174713,0.6470166956857781,0.2405964350499918
9186,NYMEX:LO3240719P81.75,81.75,83.4,0.9369133828417269,0.7201108070340823,0.25995512686767935
21355,NYMEX:LO3240719P82,82.0,83.4,1.0337251174399213,0.8001760439844432,0.28003486025836705
20746,NYMEX:LO3240719P82.25,82.25,83.4,1.138340911144141,0.8875382121621556,0.3007226606498625
15472,NYMEX:LO3240719P82.5,82.5,83.4,1.250936409820028,0.9824803087378271,0.32188980945108014
16143,NYMEX:LO3240719P82.75,82.75,83.4,1.371625956478674,1.085234849204788,0.3433946130382324
14388,NYMEX:LO3240719P83,83.0,83.4,1.5004560164391805,1.1959744154981706,0.365085852447254
20945,NYMEX:LO4240726P75.75,75.75,83.4,0.19233787937190705,0.14920045731946452,0.051723527640818376
86,NYMEX:LO4240726P76,76.0,83.4,0.20575036571727434,0.15961426104812038,0.05531907034670739
20563,NYMEX:LO4240726P76.25,76.25,83.4,0.2204195734631842,0.17103161244096654,0.05921817868371421
13960,NYMEX:LO4240726P76.5,76.5,83.4,0.23647030716264084,0.18355678773571782,0.0634454669387566
10213,NYMEX:LO4240726P76.75,76.75,83.4,0.25403866281677345,0.1973043174679514,0.06802679298419909
1957,NYMEX:LO4240726P77,77.0,83.4,0.27327265737546114,0.2123997212910007,0.07298913199575591
19378,NYMEX:LO4240726P77.25,77.25,83.4,0.29433279363540876,0.22898022117573102,0.07836039863270712
7500,NYMEX:LO4240726P77.5,77.5,83.4,0.31739253243476107,0.24719541111781496,0.0841692102121656
3632,NYMEX:LO4240726P77.75,77.75,83.4,0.3426386399556556,0.267207857134407,0.0904445837185235
15575,NYMEX:LO4240726P78,78.0,83.4,0.3702713741231456,0.289193596860418,0.09721556026705944
1197,NYMEX:LO4240726P78.25,78.25,83.4,0.40050447082911944,0.3133425036655204,0.10451075199472305
4925,NYMEX:LO4240726P78.5,78.5,83.4,0.4335648883749794,0.3398584761873469,0.11235780837845627
9501,NYMEX:LO4240726P78.75,78.75,83.4,0.46969226753024174,0.3689594108595955,0.1207828017633648
17384,NYMEX:LO4240726P79,79.0,83.4,0.5091380653966731,0.40087691282209725,0.12980953546112206
14294,NYMEX:LO4240726P79.25,79.25,83.4,0.5521643243074017,0.4358556999971199,0.13945878214662083
5432,NYMEX:LO4240726P79.5,79.5,83.4,0.5990420427062553,0.47415265659920003,0.14974746535618133
12455,NYMEX:LO4240726P79.75,79.75,83.4,0.6500491236936945,0.5160354964013578,0.16068780250879697
2107,NYMEX:LO4240726P80,80.0,83.4,0.7054678889037369,0.5617810031446631,0.1722864337638775
13003,NYMEX:LO4240726P80.25,80.25,83.4,0.7655821606039623,0.6116728258710431,0.18454356682604223
6062,NYMEX:LO4240726P80.5,80.5,83.4,0.830673933142787,0.6659988208261218,0.19745217304156498
8595,NYMEX:LO4240726P80.75,80.75,83.4,0.9010196755514777,0.7250479488182684,0.21099727426044276
16188,NYMEX:LO4240726P81,81.0,83.4,0.9768863293570824,0.7891067571278967,0.22515536238511477
15032,NYMEX:LO4240726P81.25,81.25,83.4,1.058527088260604,0.8584554974891994,0.23989399373070092
2072,NYMEX:LO4240726P81.5,81.5,83.4,1.14617706778132,0.9333639552075432,0.25517159781028376
17813,NYMEX:LO4240726P81.75,81.75,83.4,1.2400489915651889,1.0140870876958168,0.27093753461555403
21968,NYMEX:LO4240726P82,82.0,83.4,1.3403290350435242,1.100860591918476,0.28713242580941034
13985,NYMEX:LO4240726P82.25,82.25,83.4,1.44717297484992,1.1938965375941777,0.30368877368794045
12803,NYMEX:LO4240726P82.5,82.5,83.4,1.5607027924988444,1.2933792147276577,0.32053186783115906
13533,NYMEX:LO4240726P82.75,82.75,83.4,1.6810038703030799,1.3994613464346415,0.3375809638710292
17840,NYMEX:LO4240726P83,83.0,83.4,1.8081177144725373,1.5122556203564272,0.3547507123694365
14053,NYMEX:LO260114P7.5,7.5,73.28,0.978504778606574,0.9282739244704292,0.06854647125565613
2740,NYMEX:LO260114P17.5,17.5,73.28,0.3926494683567554,0.35432424908793336,0.052299698783872875
5518,NYMEX:LO260114P18,18.0,73.28,0.45231932798166063,0.4097258354749138,0.058124307460080266
20052,NYMEX:LO260114P18.5,18.5,73.28,0.517534159033066,0.4704891763927441,0.06419893919257896
43,NYMEX:LO260114P19,19.0,73.28,0.5861841236357737,0.5346477084397796,0.0703280775054504
11826,NYMEX:LO260114P19.5,19.5,73.28,0.6555239462603719,0.5996083419682492,0.07630404515846441
7046,NYMEX:LO260114P20,20.0,73.28,0.7237397600570394,0.6636348523746476,0.08202088930457403
4958,NYMEX:LO260114P20.5,20.5,73.28,0.7899574124724973,0.7258723881950344,0.08745227112099191
9143,NYMEX:LO260114P21,21.0,73.28,0.8534094854029859,0.7855665704315069,0.0925803970680663
9862,NYMEX:LO260114P21.5,21.5,73.28,0.9134217717736655,0.8420520560224125,0.09739317105793252
13259,NYMEX:LO260114P22,22.0,73.28,0.9694143810175211,0.8947545679286093,0.10188293270866783
19639,NYMEX:LO260114P22.5,22.5,73.28,1.02090108618714,0.943190992006429,0.10604543419856843
7752,NYMEX:LO260114P23,23.0,73.28,1.067487435619063,0.9869680806208185,0.10987903247577015
16341,NYMEX:LO260114P23.5,23.5,73.28,1.1088680100441097,1.0257801630882892,0.1133840706274843
2100,NYMEX:LO260114P24,24.0,73.28,1.1448230953845537,1.0594061522295175,0.1165624224277241
17804,NYMEX:LO260114P24.5,24.5,73.28,1.175214957019267,1.087706050483316,0.11941717594971464
11993,NYMEX:LO260114P25,25.0,73.28,1.199983838107158,1.1106170939458706,0.12195243471791391
1601,NYMEX:LO260114P25.5,25.5,73.28,1.219143758360194,1.1281496244767282,0.12417321763573401
4477,NYMEX:LO260114P26,26.0,73.28,1.2327781569290122,1.1403827453621935,0.1260854415486062
8966,NYMEX:LO260114P26.5,26.5,73.28,1.2410354010166356,1.147459792274164,0.12769597262891855
2604,NYMEX:LO260114P27,27.0,73.28,1.2441241683257456,1.149583636315855,0.12901273472965427
8603,NYMEX:LO260114P27.5,27.5,73.28,1.242308704872447,1.147011828215891,0.13004486443307323
1715,NYMEX:LO260114P28,28.0,73.28,1.235903958907619,1.1400515910497289,0.13080290373620387
1514,NYMEX:LO260114P28.5,28.5,73.28,1.225270595867642,1.1290546723961468,0.13129902220455134
20108,NYMEX:LO260114P29,29.0,73.28,1.2108099078877883,1.114412074996502,0.1315472610416024
1420,NYMEX:LO260114P29.5,29.5,73.28,1.1929586441044244,1.0965486973791991,0.13156379192852796
14263,NYMEX:LO260114P30,30.0,73.28,1.1721838045201012,1.0759179322575405,0.1313671837644114
16110,NYMEX:LO260114P30.5,30.5,73.28,1.1489774604423766,1.052996290574208,0.13097867067162733
10236,NYMEX:LO260114P31,31.0,73.28,1.1238516882630556,1.028278142604195,0.13042241492748455
809,NYMEX:LO260114P31.5,31.5,73.28,1.0973337303864241,1.002270694225757,0.1297257589528753
6092,NYMEX:LO260114P32,32.0,73.28,1.0699615270885947,0.9754893458884051,0.12891946124480025
14633,NYMEX:LO260114P32.5,32.5,73.28,1.0422797954679273,0.948453613349812,0.12803791227908737
15128,NYMEX:LO260114P33,33.0,73.28,1.0148368656862883,0.9216838221336396,0.12711932799215153
1555,NYMEX:LO260114P33.5,33.5,73.28,0.9881825194166414,0.895698820903926,0.12620592045949142
3827,NYMEX:LO260114P34,34.0,73.28,0.9628671095575001,0.8710149914118261,0.12534404768787386
3721,NYMEX:LO260114P34.5,34.5,73.28,0.9394422723311604,0.8481468630583251,0.12458434671511368
1159,NYMEX:LO260114P35,35.0,73.28,0.9184635710314804,0.8276096670157753,0.12398185591662805
7663,NYMEX:LO260114P35.5,35.5,73.28,0.9004954327251276,0.8099241866701843,0.12359613271689857
3023,NYMEX:LO260114P36,36.0,73.28,0.8861187523463423,0.7956242759378513,0.12349137064477476
19548,NYMEX:LO260114P36.5,36.5,73.28,0.8759415390914036,0.7852674220634777,0.12373651341147099
15438,NYMEX:LO260114P37,37.0,73.28,0.8706129624213523,0.7794487206197074,0.12440535180355479
12489,NYMEX:LO260114P37.5,37.5,73.28,0.8708411113897894,0.7788186008230245,0.12557657009656784
8032,NYMEX:LO260114P38,38.0,73.28,0.8774146998955725,0.7841045782321152,0.1273336813093031
21365,NYMEX:LO260114P38.5,38.5,73.28,0.8912212538416662,0.7961301346796148,0.12976408182594346
15777,NYMEX:LO260114P39,39.0,73.28,0.9127232412307102,0.8153272070021598,0.1329094353555547
6641,NYMEX:LO260114P39.5,39.5,73.28,0.9415309819972091,0.8413376060082136,0.13672676854393487
20645,NYMEX:LO260114P40,40.0,73.28,0.9771512569001652,0.8737111428957194,0.1411573608139272
284,NYMEX:LO260114P40.5,40.5,73.28,1.0190375051409575,0.911950458940364,0.14613406959687977
18934,NYMEX:LO260114P41,41.0,73.28,1.0665586917092726,0.9554797599099167,0.1515815117349289
21223,NYMEX:LO260114P41.5,41.5,73.28,1.1189713566924526,1.0036165042391803,0.15741655629540444
14054,NYMEX:LO260114P42,42.0,73.28,1.1753958985219448,1.0555471148787676,0.16354910431656275
8694,NYMEX:LO260114P42.5,42.5,73.28,1.2347979392727364,1.1103076218656653,0.16988307506423453
9745,NYMEX:LO260114P43,43.0,73.28,1.2959753718939977,1.1667699266057108,0.17631747446545704
4534,NYMEX:LO260114P43.5,43.5,73.28,1.357656483890632,1.2237334693075317,0.18275520549003862
14256,NYMEX:LO260114P44,44.0,73.28,1.4194431052620358,1.2808181677233543,0.18917158506916135
15028,NYMEX:LO260114P44.5,44.5,73.28,1.4814948870070914,1.3381709815405793,0.195583932132249
12736,NYMEX:LO260114P45,45.0,73.28,1.5440126993660526,1.3959789582967472,0.2020111095378075
13399,NYMEX:LO260114P45.5,45.5,73.28,1.6072327357184957,1.4544637510995626,0.20847295935989774
15287,NYMEX:LO260114P46,46.0,73.28,1.6714265773258221,1.5138817749918774,0.21499017785745733
8622,NYMEX:LO260114P46.5,46.5,73.28,1.736901429219496,1.574524540758543,0.221584181851737
14764,NYMEX:LO260114P47,47.0,73.28,1.8040005294727939,1.6367191734667088,0.22827695961529076
17436,NYMEX:LO260114P47.5,47.5,73.28,1.8731037283742218,1.7008291173120558,0.23509089937522654
14854,NYMEX:LO260114P48,48.0,73.28,1.9446280537099554,1.7672548557345396,0.2420485780232203
10257,NYMEX:LO260114P48.5,48.5,73.28,2.018924913782552,1.8363357880007012,0.2491663834359318
8022,NYMEX:LO260114P49,49.0,73.28,2.0960893755865957,1.9081672554011462,0.2564439413011047
2988,NYMEX:LO260114P49.5,49.5,73.28,2.1761693298160747,1.9827997033244742,0.26387776540884345
13407,NYMEX:LCE260114P50,50.0,73.28,2.4103923787087034,2.0602802199213066,0.47777314245005015
14252,NYMEX:LO260114P50,50.0,73.28,2.259209037152301,2.0602802199213066,0.2714639973130382
20279,NYMEX:LO260114P50.5,50.5,73.28,2.3452488738559243,2.140652267753845,0.27919842535764083
21340,NYMEX:LO260114P51,51.0,73.28,2.4343250905426785,2.2239554263681462,0.28707650678839014
17490,NYMEX:LO260114P51.5,51.5,73.28,2.5264695861869466,2.310225147939189,0.29509339280534624
11999,NYMEX:LO260114P52,52.0,73.28,2.621709699272289,2.399492528039424,0.3032439563767261
21117,NYMEX:LO260114P52.5,52.5,73.28,2.720068017861676,2.491784093457589,0.3115228226038303
8723,NYMEX:LO260114P53,53.0,73.28,2.8215567209396024,2.587116302339787,0.31992415201939883
3241,NYMEX:LO260114P53.5,53.5,73.28,2.926079070928054,2.6854001411637185,0.3284374041543882
5552,NYMEX:LO260114P54,54.0,73.28,3.0334312606315503,2.7864422870631813,0.3370482717908966
20612,NYMEX:LO260114P54.5,54.5,73.28,3.1433844065485754,2.890024041578233,0.345742856127651
16959,NYMEX:LO260114P55,55.0,73.28,3.2556876690928345,2.9959042281238997,0.35450797075455076
21909,NYMEX:LCE260114P55,55.0,73.28,3.4654575382209245,2.9959042281238997,0.6407659799358963
17995,NYMEX:LO260114P55.5,55.5,73.28,3.3700685455807093,3.1038193701906938,0.3633312982942352
11712,NYMEX:LO260114P56,56.0,73.28,3.486233293339822,3.2134840063299954,0.37220153795009103
4438,NYMEX:LO260114P56.5,56.5,73.28,3.6038674702746576,3.3245911298533066,0.38110854315140685
20127,NYMEX:LO260114P57,57.0,73.28,3.7226365795464122,3.436812740131593,0.3900434489831047
16943,NYMEX:LO260114P57.5,57.5,73.28,3.8421868048256336,3.549800491812057,0.3989987895927626
1518,NYMEX:LO260114P58,58.0,73.28,3.9622161681554235,3.6632552110362386,0.4079707384268353
20650,NYMEX:LO260114P58.5,58.5,73.28,4.082729256075815,3.7771765306907508,0.4169660553835487
5240,NYMEX:LO260114P59,59.0,73.28,4.203828995279281,3.89166044066304,0.425994206626966
12179,NYMEX:LO260114P59.5,59.5,73.28,4.325631463819114,4.0068161986726345,0.4350644993811132
6692,NYMEX:LO260114P60,60.0,73.28,4.448265722559821,4.122766196018812,0.44418603512692245
17149,NYMEX:LCE260114P60,60.0,73.28,4.7274294614939265,4.122766196018812,0.8251409190435511
5947,NYMEX:LO260114P60.5,60.5,73.28,4.571873655875539,4.23964583488306,0.4533676596513086
7178,NYMEX:LO260114P61,61.0,73.28,4.6966098135256615,4.357603409808647,0.46261790900247657
15620,NYMEX:LO260114P61.5,61.5,73.28,4.822641249064624,4.4767999892797725,0.47194495057976454
7098,NYMEX:LO260114P62,62.0,73.28,4.950147349575129,4.597409292715298,0.48135651864059914
12018,NYMEX:LO260114P62.5,62.5,73.28,5.079319650933808,4.719617557564835,0.49085984357119733
11405,NYMEX:LO260114P63,63.0,73.28,5.2103616322302315,4.843623390548814,0.5004615743469129
8555,NYMEX:LO260114P63.5,63.5,73.28,5.343488482373058,4.96963759642626,0.5101676937046912
14899,NYMEX:LO260114P64,64.0,73.28,5.4789268313460155,5.097882977014162,0.5199834256711972
3605,NYMEX:LO260114P64.5,64.5,73.28,5.616914438038389,5.228594092536277,0.5299131352375989
9199,NYMEX:LCE260114P65,65.0,73.28,6.118069045941549,5.362016976766554,1.03173044374317
12782,NYMEX:LO260114P65,65.0,73.28,5.757699826094303,5.362016976766554,0.5399602201524951
9953,NYMEX:LO260114P65.5,65.5,73.28,5.901541858832093,5.498408796881105,0.550126995020454
20745,NYMEX:LO260114P66,66.0,73.28,6.048709244014322,5.638037448473902,0.5604145681501365
3230,NYMEX:LO260114P66.5,66.5,73.28,6.199479959141925,5.781181075865657,0.5708227118944708
20892,NYMEX:LO260114P67,67.0,73.28,6.354140588049113,5.928127507688025,0.5813497275669866
15444,NYMEX:LO260114P67.5,67.5,73.28,6.512985559940628,6.079173597807639,0.5919923064041878
14089,NYMEX:LO260114P68,68.0,73.28,6.676316282692618,6.234624462024652,0.6027453884661109
13924,NYMEX:LO260114P68.5,68.5,73.28,6.844440163290173,6.394792601696295,0.6136020218257066
11093,NYMEX:LO260114P69,69.0,73.28,7.017669509749787,6.5599969065616754,0.6245532248746063
21443,NYMEX:LO260114P69.5,69.5,73.28,7.1963203108230225,6.730561530634695,0.6355878550604904
4137,NYMEX:LCE260114P70,70.0,73.28,7.838478786471629,6.906814637143071,1.2713757496295823
4426,NYMEX:LO260114P70,70.0,73.28,7.380710892235303,6.906814637143071,0.6466924878442025
6539,NYMEX:LO260114P70.5,70.5,73.28,7.571160451203884,7.0890870111600215,0.657851310103524
21615,NYMEX:LO260114P71,71.0,73.28,7.767987361945529,7.2777104285430205,0.6690460335732925
18916,NYMEX:LO260114P71.5,71.5,73.28,7.971446998858731,7.472955051831413,0.6802564779302925
18710,NYMEX:LO260114P72,72.0,73.28,8.181628619875688,7.674924985129223,0.6914623836605691
8887,NYMEX:LO260114P72.5,72.5,73.28,8.398586238460375,7.883689404416668,0.7026430595574608
6909,NYMEX:LO260114P73,73.0,73.28,8.622364177776326,8.099308169303782,0.7137773041382969
6661,NYMEX:LO260114P73.5,73.5,73.28,8.852996721441784,8.321831392991385,0.7248435158984702
4846,NYMEX:LO260114P74,74.0,73.28,9.090507822395786,8.551299065477828,0.735819810204637
2216,NYMEX:LO260114P74.5,74.5,73.28,9.334910874162468,8.78774073522294,0.7466841415659495
18589,NYMEX:LO260114P75,75.0,73.28,9.586208548040638,9.031175253814595,0.757414429893617
19720,NYMEX:LCE260114P75,75.0,73.28,10.154524870590443,9.031175253814595,1.5329552630674774
20739,NYMEX:LO260114P75.5,75.5,73.28,9.84439269890234,9.28161058741589,0.7679886892555252
11072,NYMEX:LO260114P76,76.0,73.28,10.109444341375749,9.539043697916128,0.7783851575595264
21464,NYMEX:LO260114P76.5,76.5,73.28,10.381333697233458,9.803460495785828,0.7885824255562642
6571,NYMEX:LO260114P77,77.0,73.28,10.660020313827872,10.074835865662145,0.7985595635449326
3573,NYMEX:LO260114P77.5,77.5,73.28,10.945453252432856,10.353133764691009,0.8082962441892013
11604,NYMEX:LO260114P78,78.0,73.28,11.237571344389593,10.638307392645359,0.8177728599129833
19627,NYMEX:LO260114P78.5,78.5,73.28,11.536303512032717,10.93029943185148,0.8269706334350932
10938,NYMEX:LO260114P79,79.0,73.28,11.84156915051539,11.22904235400702,0.8358717201260499
11739,NYMEX:LO260114P79.5,79.5,73.28,12.153278565873599,11.534458790088003,0.8444593010174618
7105,NYMEX:LCE260114P80,80.0,73.28,13.150851572034242,11.846461958736434,1.780007660067969
18752,NYMEX:LO260114P80,80.0,73.28,12.471333463990469,11.846461958736434,0.8527176654667505
3162,NYMEX:LO260114P80.5,80.5,73.28,12.79562748455065,12.16495614781217,0.86063228266714
135,NYMEX:LO260114P81,81.0,73.28,13.126046773625689,12.489837243195716,0.8681898613946136
4519,NYMEX:LO260114P81.5,81.5,73.28,13.46247058820721,12.820993298453281,0.8753783975899692
19892,NYMEX:LO260114P82,82.0,73.28,13.80477192581074,13.158305138627526,0.8821872095840814
8130,NYMEX:LO260114P82.5,82.5,73.28,14.152818172205741,13.501646991201753,0.8886069609770584
8517,NYMEX:LO260114P83,83.0,73.28,14.506471760384038,13.850887137197468,0.894629671379053
20146,NYMEX:LO260416P7.5,7.5,72.3,1.2815453305697164,1.2317824324104543,0.06882835153424918
9506,NYMEX:LO260416P10,10.0,72.3,0.6242314825777707,0.5872177893414539,0.051194596454103555
15873,NYMEX:LO260416P17.5,17.5,72.3,0.5885070406974964,0.5492427548499075,0.054307449305102215
21530,NYMEX:LO260416P18,18.0,72.3,0.668673936706472,0.6258726202022389,0.059199607889672386
18625,NYMEX:LO260416P18.5,18.5,72.3,0.7547262826061161,0.7083407171067666,0.06415707537945985
11691,NYMEX:LO260416P19,19.0,72.3,0.8436698834312502,0.7937755833873799,0.06901009687948866
5948,NYMEX:LO260416P19.5,19.5,72.3,0.9319989883077737,0.8787860212839578,0.07360023101495983
464,NYMEX:LO260416P20,20.0,72.3,1.0178764561332612,0.9615723080177108,0.07787572353464786
18170,NYMEX:LO260416P20.5,20.5,72.3,1.100354676638605,1.041190084434524,0.08183207773731796
16941,NYMEX:LO260416P21,21.0,72.3,1.178605001335634,1.1168105265256685,0.08546953638999374
22052,NYMEX:LO260416P21.5,21.5,72.3,1.2519147759594094,1.187718411459068,0.08879165214431727
14314,NYMEX:LO260416P22,22.0,72.3,1.3196847568389116,1.2533102808400782,0.0918042544935455
816,NYMEX:LO260416P22.5,22.5,72.3,1.3814254496673755,1.31309134684644,0.09451466503587198
880,NYMEX:LO260416P23,23.0,72.3,1.4367528050048524,1.3666716055257258,0.09693111961151675
15390,NYMEX:LO260416P23.5,23.5,72.3,1.4853835608451762,1.4137614742143016,0.09906236048530366
1475,NYMEX:LO260416P24,24.0,72.3,1.5271304166464827,1.4541671603729043,0.10091736690674755
21186,NYMEX:LO260416P24.5,24.5,72.3,1.5618971466863258,1.4877858889695816,0.10250519739522021
1516,NYMEX:LO260416P25,25.0,72.3,1.5896737065010038,1.5146010581639242,0.10383492162804925
4651,NYMEX:LO260416P25.5,25.5,72.3,1.6105313491032232,1.5346773531531008,0.10491562372077777
7198,NYMEX:LO260416P26,26.0,72.3,1.624617743557907,1.548155821560862,0.10575646195995166
10377,NYMEX:LO260416P26.5,26.5,72.3,1.6321520743130757,1.555248897638796,0.10636677271684622
17947,NYMEX:LO260416P27,27.0,72.3,1.633420093253501,1.5562353545827077,0.10675620839667128
21866,NYMEX:LO260416P27.5,27.5,72.3,1.6287690962454366,1.551455162870901,0.10693490093296767
10086,NYMEX:LO260416P28,28.0,72.3,1.6186028009482065,1.541304236632541,0.10691364359013225
21221,NYMEX:LO260416P28.5,28.5,72.3,1.6033761122390913,1.5262290589607068,0.10670408475571846
2463,NYMEX:LO260416P29,29.0,72.3,1.583589775365879,1.5067211903855782,0.10631892805020858
10049,NYMEX:LO260416P29.5,29.5,72.3,1.5597849347346817,1.4833116822024568,0.10577213351621705
17607,NYMEX:LO260416P30,30.0,72.3,1.5325376380043614,1.456565437908309,0.10507911493229921
11550,NYMEX:LO260416P30.5,30.5,72.3,1.5024533508826945,1.4270755915845719,0.10425692848979617
4667,NYMEX:LO260416P31,31.0,72.3,1.4701615776639483,1.395458001586837,0.10332444823943474
14495,NYMEX:LO260416P31.5,31.5,72.3,1.436310715966107,1.3623459911709683,0.1023025239213537
8269,NYMEX:LO260416P32,32.0,72.3,1.4015633109864254,1.3283855043238724,0.10121411709896684
10632,NYMEX:LO260416P32.5,32.5,72.3,1.3665919142935028,1.2942308844398078,0.10008441196914934
4038,NYMEX:LO260416P33,33.0,72.3,1.3320757937590906,1.2605415246234948,0.09894089783623208
12566,NYMEX:LO260416P33.5,33.5,72.3,1.2986987833225498,1.2279796799528184,0.09781342098164789
3541,NYMEX:LO260416P34,34.0,72.3,1.2671486019937142,1.1972097721957318,0.09673420442321215
11862,NYMEX:LO260416P34.5,34.5,72.3,1.2381180083839451,1.1688995539553426,0.0957378346177075
9294,NYMEX:LO260416P35,35.0,72.3,1.2123081869985706,1.14372352915914,0.09486121416242112
11082,NYMEX:LO260416P35.5,35.5,72.3,1.190434781617892,1.1223690466739877,0.09414347848396158
482,NYMEX:LO260416P36,36.0,72.3,1.1732369944049488,1.105545489152477,0.0936258717184949
11656,NYMEX:LO260416P36.5,36.5,72.3,1.1614901505732274,1.093996964199281,0.09335157174819682
9741,NYMEX:LO260416P37,37.0,72.3,1.156022079265398,1.088518861825757,0.09336544597460696
2861,NYMEX:LO260416P37.5,37.5,72.3,1.1577335709141128,1.089978560426685,0.09371370745149077
17386,NYMEX:LO260416P38,38.0,72.3,1.16762302589677,1.0993404291635187,0.0944434256338191
17249,NYMEX:LO260416P38.5,38.5,72.3,1.1867111582116818,1.1175944736702181,0.09559707405458326
4585,NYMEX:LO260416P39,39.0,72.3,1.215015950332023,1.1447661867369687,0.09716426500007512
8562,NYMEX:LO260416P39.5,39.5,72.3,1.2518872150406475,1.1802385981604475,0.09909905515933606
9926,NYMEX:LO260416P40,40.0,72.3,1.2966215781540011,1.223345095125385,0.101350598933079
854,NYMEX:LO260416P40.5,40.5,72.3,1.3484374806987045,1.273343657637188,0.1038642089370907
10530,NYMEX:LO260416P41,41.0,72.3,1.4064436565698912,1.329384790900627,0.10658211019262012
373,NYMEX:LO260416P41.5,41.5,72.3,1.4696119594087733,1.3904837220211013,0.10944431173951875
13748,NYMEX:LO260416P42,42.0,72.3,1.5367555093356389,1.4554978695620733,0.11238954325527745
18614,NYMEX:LO260416P42.5,42.5,72.3,1.6065128259529047,1.5231103068696,0.11535618130470922
14915,NYMEX:LO260416P43,43.0,72.3,1.6773393601507705,1.5918206677396602,0.11828311536806392
11649,NYMEX:LO260416P43.5,43.5,72.3,1.7480085901093645,1.6604331371478906,0.12112787408225982
241,NYMEX:LO260416P44,44.0,72.3,1.8185070650541082,1.7289315615047434,0.12389419578058761
19342,NYMEX:LO260416P44.5,44.5,72.3,1.8890568818845184,1.7975300037013797,0.12659319250779896
14805,NYMEX:LO260416P45,45.0,72.3,1.959918325670305,1.8664807243773085,0.1292359630608527
4885,NYMEX:LO260416P45.5,45.5,72.3,2.031389567263484,1.9360739403086944,0.13183350892778656
4847,NYMEX:LO260416P46,46.0,72.3,2.1038065552008662,2.006637778536809,0.1343966482213796
4764,NYMEX:LO260416P46.5,46.5,72.3,2.177543101003071,2.0785384279490975,0.13693592400272936
16867,NYMEX:LO260416P47,47.0,72.3,2.253011152163923,2.152180484985717,0.13946150370429627
15993,NYMEX:LO260416P47.5,47.5,72.3,2.330661241698582,2.228007484484758,0.14198306668578728
11816,NYMEX:LO260416P48,48.0,72.3,2.410964673934588,2.3064845192566885,0.1445092042571224
12665,NYMEX:LO260416P48.5,48.5,72.3,2.494158649363408,2.3878479773316315,0.14704104015460107
2718,NYMEX:LO260416P49,49.0,72.3,2.580285609274595,2.4721434052730125,0.1495742793936137
5141,NYMEX:LO260416P49.5,49.5,72.3,2.6693792271056545,2.5594077593017506,0.15210438147151298
5063,NYMEX:LO260416P50,50.0,72.3,2.761468962336437,2.64967385370265,0.1546267062707983
17075,NYMEX:LCE260416P50,50.0,72.3,2.953877712728529,2.64967385370265,0.42075222548531
3891,NYMEX:LO260416P50.5,50.5,72.3,2.8565798456740783,2.7429701319145003,0.15713653355404975
3067,NYMEX:LO260416P51,51.0,72.3,2.954732280015815,2.839320452860468,0.15962908320241606
6027,NYMEX:LO260416P51.5,51.5,72.3,3.0559418588139984,2.938743894267887,0.1620995360250504
8752,NYMEX:LO260416P52,52.0,72.3,3.1602192033165757,3.0412545745807673,0.16454305495962432
368,NYMEX:LO260416P52.5,52.5,72.3,3.2675698074588855,3.146861482531044,0.16695480626257478
7091,NYMEX:LO260416P53,53.0,72.3,3.3779476242364463,3.2555225992300123,0.16932921854278568
8666,NYMEX:LO260416P53.5,53.5,72.3,3.4911444534475287,3.3670353688540846,0.17165848491486038
8565,NYMEX:LO260416P54,54.0,72.3,3.606900199749944,3.4811452785458474,0.17393488409971883
12256,NYMEX:LO260416P54.5,54.5,72.3,3.724932398063533,3.5975749475299104,0.17615138386393195
7836,NYMEX:LCE260416P55,55.0,72.3,4.104217312763385,3.7160243941384383,0.536919666147921
21658,NYMEX:LO260416P55,55.0,72.3,3.844936523310997,3.7160243941384383,0.17830170010035765
13202,NYMEX:LO260416P55.5,55.5,72.3,3.966586423478219,3.836171432442768,0.18038034721362528
18419,NYMEX:LO260416P56,56.0,72.3,4.089534862892187,3.9576721854130064,0.18238267977756603
21548,NYMEX:LO260416P56.5,56.5,72.3,4.213414162050073,4.080161700787894,0.18430492567383025
8388,NYMEX:LO260416P57,57.0,72.3,4.337836920228366,4.203254655568919,0.18614421114722868
16168,NYMEX:LO260416P57.5,57.5,72.3,4.462409793826707,4.3265590358177395,0.18789869710783844
12835,NYMEX:LO260416P58,58.0,72.3,4.586985900285114,4.449927035069205,0.1895696614327929
2577,NYMEX:LO260416P58.5,58.5,72.3,4.711664196965131,4.573455105831609,0.19116056864940784
2460,NYMEX:LO260416P59,59.0,72.3,4.836565896050249,4.6972621279765825,0.19267464463854336
16403,NYMEX:LO260416P59.5,59.5,72.3,4.961825388939754,4.821480407433256,0.19411477386790887
11103,NYMEX:LCE260416P60,60.0,72.3,5.424441367119098,4.946255492902374,0.6613912506455377
15300,NYMEX:LO260416P60,60.0,72.3,5.087590051634216,4.946255492902374,0.19548348372315597
16785,NYMEX:LO260416P60.5,60.5,72.3,5.214020057884703,5.071746000868707,0.19678292809957945
3726,NYMEX:LO260416P61,61.0,72.3,5.341288195565117,5.198123444492673,0.19801487008636773
6030,NYMEX:LO260416P61.5,61.5,72.3,5.46957968127445,5.325572061474233,0.1991806636240895
12055,NYMEX:LO260416P62,62.0,72.3,5.599091967702261,5.454288635471798,0.20028123406703066
5184,NYMEX:LO260416P62.5,62.5,72.3,5.730034537800346,5.58448230513023,0.20131705763501578
12333,NYMEX:LO260416P63,63.0,72.3,5.862628679304294,5.716374354230311,0.20228813979803975
21149,NYMEX:LO260416P63.5,63.5,72.3,5.997107232648997,5.850197975926832,0.20319399270008903
9859,NYMEX:LO260416P64,64.0,72.3,6.133714304839106,5.986198003509283,0.20403361179781862
10261,NYMEX:LO260416P64.5,64.5,72.3,6.272704941386859,6.124630599615504,0.20480545196591354
12495,NYMEX:LCE260416P65,65.0,72.3,6.841249367787942,6.265762895380092,0.7959702246304972
18468,NYMEX:LO260416P65,65.0,72.3,6.414344748040936,6.265762895380092,0.20550740340365609
13845,NYMEX:LO260416P65.5,65.5,72.3,6.558909453729619,6.409872570634359,0.206136767766611
19426,NYMEX:LO260416P66,66.0,72.3,6.706684405965937,6.557247366029685,0.20669023504322595
1974,NYMEX:LO260416P66.5,66.5,72.3,6.857963989949589,6.708184517871686,0.20716386179516275
21603,NYMEX:LO260416P67,67.0,72.3,7.013050962797919,6.862990106575026,0.20755305148394654
6330,NYMEX:LO260416P67.5,67.5,72.3,7.172255694791907,7.02197831002886,0.20785253770822573
12534,NYMEX:LO260416P68,68.0,72.3,7.335895310285,7.185470553854184,0.20805637127360427
18988,NYMEX:LO260416P68.5,68.5,72.3,7.504292722044788,7.353794551591275,0.20815791210721069
8607,NYMEX:LO260416P69,69.0,72.3,7.677775554324704,7.5272832293295835,0.20814982710251792
7706,NYMEX:LO260416P69.5,69.5,72.3,7.856674951940107,7.706273531231584,0.20802409503253486
3665,NYMEX:LCE260416P70,70.0,72.3,8.575335863549842,7.891105104840804,0.9463772596252257
21189,NYMEX:LO260416P70,70.0,72.3,8.04132427507911,7.891105104840804,0.20777201969336806
16353,NYMEX:LO260416P70.5,70.5,72.3,8.232057682527405,8.082118868023354,0.2073842524260727
9006,NYMEX:LO260416P71,71.0,72.3,8.429182068549391,8.279628776542289,0.20685102628921453
14598,NYMEX:LO260416P71.5,71.5,72.3,8.632827988615915,8.483771793682262,0.20616347846978297
20910,NYMEX:LO260416P72,72.0,72.3,8.843049258946913,8.694607733049622,0.20531331382751067
13255,NYMEX:LO260416P72.5,72.5,72.3,9.059890861158348,8.9121874455561,0.20429241438761778
16624,NYMEX:LO260416P73,73.0,72.3,9.283388795163297,9.136552638992718,0.20309288543648563
19905,NYMEX:LO260416P73.5,73.5,72.3,9.513569797609591,9.36773556260399,0.20170710235906147
13932,NYMEX:LO260416P74,74.0,72.3,9.750451112287195,9.60575874442813,0.20012775637491706
21248,NYMEX:LO260416P74.5,74.5,72.3,9.99404031581276,9.850634785118075,0.19834789860952418
1119,NYMEX:LCE260416P75,75.0,72.3,10.898729799512786,10.102366211284888,1.101471076387134
4924,NYMEX:LO260416P75,75.0,72.3,10.244335201232978,10.102366211284888,0.19636098194756577
11697,NYMEX:LO260416P75.5,75.5,72.3,10.50132372146222,10.360945390661769,0.1941609001389378
4930,NYMEX:LO260416P76,76.0,72.3,10.764983993699097,10.626354510591291,0.1917420236622491
18618,NYMEX:LO260416P76.5,76.5,72.3,11.035284365165566,10.89856562050521,0.18909923189537567
11942,NYMEX:LO260416P77,77.0,72.3,11.31218353970057,11.177540738214368,0.1862279411980655
12052,NYMEX:LO260416P77.5,77.5,72.3,11.595630763932448,11.463232018974104,0.1831241285730901
20898,NYMEX:LO260416P78,78.0,72.3,11.885566070972736,11.755581985457106,0.17978435064402554
5953,NYMEX:LO260416P78.5,78.5,72.3,12.181920578830216,12.054523815969247,0.1762057577606753
3580,NYMEX:LO260416P79,79.0,72.3,12.484616840059367,12.359981687501516,0.1723861031228913
12775,NYMEX:LO260416P79.5,79.5,72.3,12.793569238540421,12.671871169538463,0.16832374689067528
2130,NYMEX:LCE260416P80,80.0,72.3,13.883675673979184,12.990099663954204,1.2359280913208568
21627,NYMEX:LO260416P80,80.0,72.3,13.108684428756774,12.990099663954204,0.16401765532858917
7652,NYMEX:LO260416P80.5,80.5,72.3,13.429861812493492,13.314566885831624,0.1594673951063177
12524,NYMEX:LO260416P81,81.0,72.3,13.756994047538754,13.64516537964706,0.15467312294839988
7658,NYMEX:LO260416P81.5,81.5,72.3,14.089967582731838,13.981781064976893,0.14963557089203955
2322,NYMEX:LO260416P82,82.0,72.3,14.428663213564782,14.324293805705693,0.14435602746761947
14667,NYMEX:LO260416P82.5,82.5,72.3,14.77295665251269,14.672577996648045,0.13883631516548456
9286,NYMEX:LO260416P83,83.0,72.3,15.12271910833337,15.02650316153241,0.133078764593306
15746,NYMEX:LO260616P7.5,7.5,71.71,1.4510320512037989,1.4068639895547868,0.06159261141962363
3384,NYMEX:LO260616P17.5,17.5,71.71,0.7424537787208354,0.7015132112634583,0.057091852541315116
8315,NYMEX:LO260616P19.5,19.5,71.71,1.1370638256838665,1.0837171923165534,0.07439218151905336
5151,NYMEX:LO260616P20,20.0,71.71,1.2321873918026864,1.1762054216450002,0.07806717355694638
19062,NYMEX:LO260616P20.5,20.5,71.71,1.3226956520339406,1.2642956784934243,0.08143909293057634
8905,NYMEX:LO260616P21,21.0,71.71,1.407766740844211,1.3471590317175108,0.08451779267424363
7911,NYMEX:LO260616P21.5,21.5,71.71,1.4867075831751397,1.4240943178132706,0.08731455217106286
339,NYMEX:LO260616P22,22.0,71.71,1.5589489017527876,1.4945237425579396,0.08984124835427128
7078,NYMEX:LO260616P22.5,22.5,71.71,1.6240396956671543,1.5579877820654828,0.0921097665620855
20032,NYMEX:LO260616P23,23.0,71.71,1.6816415157377866,1.6141397424856763,0.09413160403306427
19817,NYMEX:LO260616P23.5,23.5,71.71,1.7315227326910336,1.662740202353576,0.09591762702197411
4580,NYMEX:LO260616P24,24.0,71.71,1.7735529026221832,1.7036514648746564,0.09747794972462263
19091,NYMEX:LO260616P24.5,24.5,71.71,1.8076972709036734,1.7368320796820846,0.09882190938723853
13312,NYMEX:LO260616P25,25.0,71.71,1.8340114132989451,1.7623314475163343,0.09995811711422511
18007,NYMEX:LO260616P25.5,25.5,71.71,1.8526359861311517,1.7802844913816473,0.10089456805118438
15675,NYMEX:LO260616P26,26.0,71.71,1.8637915420103157,1.7909063600202768,0.10163879792224084
18129,NYMEX:LO260616P26.5,26.5,71.71,1.8677733610607983,1.7944871211451305,0.1021980754646043
3198,NYMEX:LO260616P27,27.0,71.71,1.86494624789843,1.7913864007870481,0.1025796222442921
1564,NYMEX:LO260616P27.5,27.5,71.71,1.8557392505219257,1.7820279300100288,0.10279085275679388
7938,NYMEX:LO260616P28,28.0,71.71,1.8406402680300138,1.766893970286977,0.10283962870316102
17321,NYMEX:LO260616P28.5,28.5,71.71,1.8201905292356733,1.7465196035382502,0.1027345219598704
17821,NYMEX:LO260616P29,29.0,71.71,1.7949789436567993,1.721486892001911,0.10248508109732013
21298,NYMEX:LO260616P29.5,29.5,71.71,1.7656363500163126,1.6924189366829783,0.10210209640682516
9213,NYMEX:LO260616P30,30.0,71.71,1.7328297153643089,1.6599738911556239,0.10159785833033744
1823,NYMEX:LO260616P30.5,30.5,71.71,1.6972563703152437,1.6248390199984044,0.10098640401176862
15082,NYMEX:LO260616P31,31.0,71.71,1.6596384026590787,1.5877249280671535,0.1002837464676129
15280,NYMEX:LO260616P31.5,31.5,71.71,1.6207173725485617,1.5493601278984013,0.0995080806723755
3105,NYMEX:LO260616P32,32.0,71.71,1.581249557081378,1.5104861572422,0.09867996072957486
13150,NYMEX:LO260616P32.5,32.5,71.71,1.5420019794684636,1.4718535060999942,0.09782244229322189
7735,NYMEX:LO260616P33,33.0,71.71,1.5037495266627143,1.4342186612420704,0.09696118452188525
6018,NYMEX:LO260616P33.5,33.5,71.71,1.4672735072235703,1.3983426239487189,0.09612450603102973
365,NYMEX:LO260616P34,34.0,71.71,1.433362045457792,1.364991300913931,0.09534338940714135
17784,NYMEX:LO260616P34.5,34.5,71.71,1.402812744766548,1.3349382053292524,0.09465142858359434
15489,NYMEX:LO260616P35,35.0,71.71,1.3764380778726482,1.3089699306605471,0.09408471233035984
13548,NYMEX:LO260616P35.5,35.5,71.71,1.35507396819294,1.287894867944944,0.093681634706451
16459,NYMEX:LO260616P36,36.0,71.71,1.3395920075231196,1.272555621510616,0.09348261889904284
10005,NYMEX:LO260616P36.5,36.5,71.71,1.3309157009486237,1.2638455288568213,0.09352973377744016
8101,NYMEX:LO260616P37,37.0,71.71,1.3300410286472273,1.262729596480991,0.09386617231381433
5587,NYMEX:LO260616P37.5,37.5,71.71,1.338061451519752,1.2702700101029754,0.0945355479246641
3101,NYMEX:LO260616P38,38.0,71.71,1.3561581522804085,1.287618078398249,0.095579520125728
60,NYMEX:LO260616P38.5,38.5,71.71,1.3846384831307494,1.315079227683455,0.097000774574389
13735,NYMEX:LO260616P39,39.0,71.71,1.4227728008857383,1.3519532491649615,0.0987582648455959
10549,NYMEX:LO260616P39.5,39.5,71.71,1.46973692119436,1.39745013214009,0.10080433559373868
11882,NYMEX:LO260616P40,40.0,71.71,1.5246259847830004,1.4507018838041343,0.1030875763197128
21966,NYMEX:LO260616P40.5,40.5,71.71,1.5864206213832803,1.5107279231963933,0.10555389511488923
20916,NYMEX:LO260616P41,41.0,71.71,1.653957796033862,1.5764051078124863,0.10814766172273844
5987,NYMEX:LO260616P41.5,41.5,71.71,1.7259074009289366,1.6464434991773427,0.11081285978467983
16976,NYMEX:LO260616P42,42.0,71.71,1.8007552941149907,1.7193686265667365,0.11349416754741905
1592,NYMEX:LO260616P42.5,42.5,71.71,1.876793140649359,1.7935106691335037,0.11613787688726165
7277,NYMEX:LO260616P43,43.0,71.71,1.9525304210170917,1.867407971268424,0.11870373692465178
7561,NYMEX:LO260616P43.5,43.5,71.71,2.027856323638776,1.9409486262380327,0.12119327485809991
8494,NYMEX:LO260616P44,44.0,71.71,2.1030186982008345,2.0143729117321127,0.12361704987968455
20837,NYMEX:LO260616P44.5,44.5,71.71,2.178306014340345,2.0879619144092096,0.1259853575946665
21303,NYMEX:LO260616P45,45.0,71.71,2.25404688630136,2.162037105476159,0.12830815900878673
7316,NYMEX:LO260616P45.5,45.5,71.71,2.3306098143076586,2.2369601360609206,0.1305950052248473
8748,NYMEX:LO260616P46,46.0,71.71,2.408403138437844,2.3131328507987483,0.13285495417528356
12820,NYMEX:LO260616P46.5,46.5,71.71,2.4878751962076553,2.390997513216968,0.13509647607124142
6625,NYMEX:LO260616P47,47.0,71.71,2.569514669795378,2.471037230974389,0.1373273446116152
19454,NYMEX:LO260616P47.5,47.5,71.71,2.6538321860794998,2.553757901198585,0.13955415546076508
7544,NYMEX:LO260616P48,48.0,71.71,2.7410837480889967,2.639415259743359,0.14177728119598076
16199,NYMEX:LO260616P48.5,48.5,71.71,2.831306606426656,2.7280495339775186,0.1439925707002336
18687,NYMEX:LO260616P49,49.0,71.71,2.924527875127877,2.8196909560582633,0.1461956757350633
11912,NYMEX:LO260616P49.5,49.5,71.71,3.0207701267157585,2.9143652621851537,0.1483821845357758
13593,NYMEX:LCE260616P50,50.0,71.71,3.3420851185460307,3.012093475411106,0.4601752100612531
20885,NYMEX:LO260616P50,50.0,71.71,3.120051189364558,3.012093475411106,0.15054764182603791
19780,NYMEX:LO260616P50.5,50.5,71.71,3.2223839610526,3.1128917050395604,0.15268756939483977
3907,NYMEX:LO260616P51,51.0,71.71,3.3277762422076744,3.2167709642344064,0.15479748706354482
4673,NYMEX:LO260616P51.5,51.5,71.71,3.4362305881842516,3.3237370073086066,0.15687293386646925
15213,NYMEX:LO260616P52,52.0,71.71,3.547744032596233,3.4337900390572536,0.1589094875735316
10164,NYMEX:LO260616P52.5,52.5,71.71,3.662245349296601,3.54686243115896,0.16090213099657077
22027,NYMEX:LO260616P53,53.0,71.71,3.779491234052429,3.6627154262746586,0.16284452346642106
13925,NYMEX:LO260616P53.5,53.5,71.71,3.899191172700908,3.7810627269721273,0.16473078472846267
21410,NYMEX:LO260616P54,54.0,71.71,4.021031620349282,3.9015944213910014,0.16655584849850863
3446,NYMEX:LO260616P54.5,54.5,71.71,4.14467637256217,4.023977315097946,0.1683155173117051
7974,NYMEX:LO260616P55,55.0,71.71,4.269767055982424,4.147855388974351,0.17000650816911542
10175,NYMEX:LCE260616P55,55.0,71.71,4.564522455238793,4.147855388974351,0.581044577136301
10090,NYMEX:LO260616P55.5,55.5,71.71,4.39592372422233,4.2728503688675,0.1716264891295911
2248,NYMEX:LO260616P56,56.0,71.71,4.5227455445023494,4.398562392203289,0.17317410723617468
16987,NYMEX:LO260616P56.5,56.5,71.71,4.649811560621561,4.52457075670779,0.1746490083862375
68,NYMEX:LO260616P57,57.0,71.71,4.776715719029438,4.650468845744518,0.17605197780633108
6712,NYMEX:LO260616P57.5,57.5,71.71,4.903376041969825,4.7761726982737045,0.17738578119665346
18981,NYMEX:LO260616P58,58.0,71.71,5.029909449739272,4.901796838799747,0.17865375950289294
5632,NYMEX:LO260616P58.5,58.5,71.71,5.156448748074919,5.027471948975553,0.17985887477250873
18470,NYMEX:LO260616P59,59.0,71.71,5.283140247857723,5.153342502624124,0.18100368879319373
20413,NYMEX:LO260616P59.5,59.5,71.71,5.410143551998971,5.279566561861138,0.182090350213126
1162,NYMEX:LO260616P60,60.0,71.71,5.53763135177585,5.40631558355026,0.18312058042893678
8747,NYMEX:LCE260616P60,60.0,71.71,5.915690368065135,5.40631558355026,0.71032601382635
5147,NYMEX:LO260616P60.5,60.5,71.71,5.665789227701662,5.533774231286678,0.18409565808811068
4221,NYMEX:LO260616P61,61.0,71.71,5.794815449592392,5.6621401876471715,0.18501640209903789
12035,NYMEX:LO260616P61.5,61.5,71.71,5.924920770042288,5.7916239609610045,0.1858831530906197
9671,NYMEX:LO260616P62,62.0,71.71,6.056328205052608,5.922448680349326,0.1866957533165277
14791,NYMEX:LO260616P62.5,62.5,71.71,6.189272795076022,6.054849872257833,0.18745352505674076
19943,NYMEX:LO260616P63,63.0,71.71,6.3240013392578796,6.189075211179961,0.1881552476334098
379,NYMEX:LO260616P63.5,63.5,71.71,6.46077209519046,6.325384236751436,0.1887991332297092
11838,NYMEX:LO260616P64,64.0,71.71,6.59985443606708,6.464048028911378,0.18938280177897324
18571,NYMEX:LO260616P64.5,64.5,71.71,6.7415284567579405,6.605348832396903,0.18990325527965113
9422,NYMEX:LCE260616P65,65.0,71.71,7.361041397930698,6.749579621498853,0.8526869006161558
13758,NYMEX:LO260616P65,65.0,71.71,6.8860845200582155,6.749579621498853,0.19035685198628147
16265,NYMEX:LO260616P65.5,65.5,71.71,7.033822734219367,6.897043595792535,0.19073928103030477
21168,NYMEX:LO260616P66,66.0,71.71,7.185052352908844,7.04805359751343,0.19104553813333422
15673,NYMEX:LO260616P66.5,66.5,71.71,7.340091088997944,7.202931441421406,0.19126990318859108
9693,NYMEX:LO260616P67,67.0,71.71,7.499264334103685,7.362007148441201,0.19140592060031303
15986,NYMEX:LO260616P67.5,67.5,71.71,7.662904276659784,7.525618075136759,0.19144638338171163
3750,NYMEX:LO260616P68,68.0,71.71,7.831348912517395,7.694107932229066,0.19138332211452935
18838,NYMEX:LO260616P68.5,68.5,71.71,8.004940943724556,7.8678256869526315,0.19120799996084825
12800,NYMEX:LO260616P69,69.0,71.71,8.18402656324723,8.047124346113101,0.19091091498274793
12383,NYMEX:LO260616P69.5,69.5,71.71,8.368954126000638,8.232359619289312,0.19048181106027876
7774,NYMEX:LO260616P70,70.0,71.71,8.560071426412403,8.423887170738073,0.18990971367219328
10077,NYMEX:LCE260616P70,70.0,71.71,9.149716068590916,8.423887170738073,1.0121724973544035
21479,NYMEX:LO260616P70.5,70.5,71.71,8.757625662567158,8.621961692312848,0.18918417271553464
11953,NYMEX:LO260616P71,71.0,71.71,8.961690076282082,8.826662643977144,0.1882965169501292
19980,NYMEX:LO260616P71.5,71.5,71.71,9.172313485062197,9.038044847740924,0.18723837305992694
19676,NYMEX:LO260616P72,72.0,71.71,9.38953615705174,9.256154458097306,0.18600153249816465
10544,NYMEX:LO260616P72.5,72.5,71.71,9.613389511209679,9.48102862865337,0.18457799826566615
3568,NYMEX:LO260616P73,73.0,71.71,9.843895865059928,9.71269522664582,0.182960031256599
12980,NYMEX:LO260616P73.5,73.5,71.71,10.081068233539249,9.951172599256559,0.18114019562500322
932,NYMEX:LO260616P74,74.0,71.71,10.324910181871395,10.196469395049668,0.17911140262407924
6652,NYMEX:LO260616P74.5,74.5,71.71,10.575415734736943,10.448584443185453,0.17686695237970962
19204,NYMEX:LO260616P75,75.0,71.71,10.83256934329841,10.707506692341155,0.17440057308221185
20137,NYMEX:LCE260616P75,75.0,71.71,11.549155538148455,10.707506692341155,1.1736840688987578
6947,NYMEX:LO260616P75.5,75.5,71.71,11.096345910891507,10.973215210497322,0.17170645711084237
13291,NYMEX:LO260616P76,76.0,71.71,11.36671087742441,11.245679245949184,0.16877929364834227
1346,NYMEX:LO260616P76.5,76.5,71.71,11.643620361753314,11.524858349091744,0.1656142973944636
14002,NYMEX:LO260616P77,77.0,71.71,11.927021360540039,11.810702553722237,0.1622072330467182
15170,NYMEX:LO260616P77.5,77.5,71.71,12.216852001364742,12.10315261582388,0.15855443528219482
9174,NYMEX:LO260616P78,78.0,71.71,12.513041847178016,12.402140307054225,0.1546528240465642
8322,NYMEX:LO260616P78.5,78.5,71.71,12.815512248546959,12.70758875947947,0.1504999150292683
12221,NYMEX:LO260616P79,79.0,71.71,13.124176739591448,13.01941285748267,0.14609382528068235
3834,NYMEX:LO260616P79.5,79.5,71.71,13.43894147303073,13.337519672245193,0.14143327400019196
9720,NYMEX:LCE260616P80,80.0,71.71,14.601422745950302,13.661808933761137,1.3102967677997006
18596,NYMEX:LO260616P80,80.0,71.71,13.759705689374194,13.661808933761137,0.1365175785986013
15995,NYMEX:LO260616P80.5,80.5,71.71,14.086362214999788,13.992173535006295,0.13134664620484376
3996,NYMEX:LO260616P81,81.0,71.71,14.418797983670622,14.328500062644629,0.12592096085063853
8139,NYMEX:LO260616P81.5,81.5,71.71,14.75689457594671,14.670669348522217,0.1202415666217994
15326,NYMEX:LO260616P82,82.0,71.71,15.100528770950291,15.018557036165035,0.1143100471137303
6115,NYMEX:LO260616P82.5,82.5,71.71,15.449573105035832,15.37203415656252,0.1081285015664637
16693,NYMEX:LO260616P83,83.0,71.71,15.803896432093303,15.730967707673798,0.10169951808604788
12484,NYMEX:LO260716P20,20.0,71.41,3.053348028806008,1.2493700543634554,2.526225982975147
13628,NYMEX:LO260716P30,30.0,71.41,2.9813627376130762,1.1532547817895815,2.5600167425059444
18320,NYMEX:LO260716P40,40.0,71.41,3.505493817793896,1.4211525029309922,2.918836738360039
18732,NYMEX:LO260716P45,45.0,71.41,4.54340483771816,2.040998970503489,3.5042793267254884
2279,NYMEX:LCE260716P50,50.0,71.41,6.317813397212195,2.896030699560878,4.791741629535522
8169,NYMEX:LO260716P50,50.0,71.41,5.843294576341872,2.896030699560878,4.127242510546134
1813,NYMEX:LCE260716P55,55.0,71.41,7.783814026312854,3.8637387941045755,5.4895326035685175
10881,NYMEX:LO260716P55,55.0,71.41,7.195718571067392,3.8637387941045755,4.665984843807332
5224,NYMEX:LCE260716P60,60.0,71.41,9.207940304813548,4.858592248233375,6.090670853634187
10519,NYMEX:LO260716P60,60.0,71.41,8.488984305682006,4.858592248233375,5.083870686806653
619,NYMEX:LO260716P62,62.0,71.41,9.060180048437367,5.317295584257984,5.241401014114806
15905,NYMEX:LO260716P63,63.0,71.41,9.370683862090381,5.57093041275931,5.321038299021245
12369,NYMEX:LO260716P64,64.0,71.41,9.702755937995594,5.8452296847072205,5.401941259331149
304,NYMEX:LCE260716P65,65.0,71.41,10.932162742343493,6.143578046473149,6.705762072357295
10641,NYMEX:LO260716P65,65.0,71.41,10.059977864191449,6.143578046473149,5.484385685083742
14913,NYMEX:LO260716P66,66.0,71.41,10.443795668105373,6.467717217424415,5.567957499903317
19777,NYMEX:LO260716P67,67.0,71.41,10.854533673538818,6.818491567871348,5.651928449331283
13243,NYMEX:LO260716P68,68.0,71.41,11.292376188677384,7.19661412498596,5.735558134282908
12873,NYMEX:LO260716P69,69.0,71.41,11.757367032282414,7.602652406167429,5.818113185989335
5235,NYMEX:LO260716P70,70.0,71.41,12.249406089489863,8.037012368882543,5.89888491892917
18576,NYMEX:LCE260716P70,70.0,71.41,13.288219512306771,8.037012368882543,7.353601937297618
11081,NYMEX:LO260716P71,71.0,71.41,12.768249191131435,8.499926208216852,5.97720624970534
18878,NYMEX:LO260716P72,72.0,71.41,13.313511371876672,8.991444678882772,6.05246701161448
1080,NYMEX:LCE260716P75,75.0,71.41,16.3027144578948,10.635391967472927,7.936314928472027
18411,NYMEX:LO260716P75,75.0,71.41,15.102007745870331,10.635391967472927,6.254888360730156
10967,NYMEX:LCE260716P80,80.0,71.41,19.882927958072315,13.90185508974475,8.375679692378611
18452,NYMEX:LO260716P80,80.0,71.41,18.54152690807762,13.90185508974475,6.4972298254206295
19123,NYMEX:LCE260817P50,50.0,71.14,3.572348614021447,3.4262563074741763,0.20535887903749026
14040,NYMEX:LCE260817P55,55.0,71.14,4.819265196922789,4.636749947817403,0.25655784243096097
9840,NYMEX:LCE260817P60,60.0,71.14,6.186832886934003,5.964131892594029,0.31304609831314817
16162,NYMEX:LCE260817P65,65.0,71.14,7.627649860058092,7.35811716093858,0.3788764395832336
21345,NYMEX:LCE260817P70,70.0,71.14,9.39087633575171,9.069171301246595,0.4522139928382273
9158,NYMEX:LCE260817P75,75.0,71.14,11.750688041083407,11.380949004969914,0.5197343774437638
13834,NYMEX:LCE260817P80,80.0,71.14,14.756894958789069,14.355036877675616,0.5648834426672092
3436,NYMEX:LO260917P20,20.0,70.88,1.7502766959754248,1.5161000752426617,0.33038462292997056
17551,NYMEX:LO260917P30,30.0,70.88,2.373427440156795,2.1126118201993513,0.3679678611137749
19134,NYMEX:LO260917P40,40.0,70.88,2.0491009691156767,1.8532449364894212,0.27632058779099256
14994,NYMEX:LO260917P45,45.0,70.88,2.887471804643253,2.6738319532907813,0.3014106254972796
326,NYMEX:LCE260917P50,50.0,70.88,4.127089743116191,3.626209796849782,0.7066590664029467
4209,NYMEX:LO260917P50,50.0,70.88,3.838201435523894,3.626209796849782,0.29908526900975185
14031,NYMEX:LO260917P55,55.0,70.88,5.062959909908548,4.86998231557679,0.2722595856825028
18080,NYMEX:LCE260917P55,55.0,70.88,5.435335222414276,4.86998231557679,0.7976197895562724
15440,NYMEX:LO260917P60,60.0,70.88,6.369337352913487,6.22457947301832,0.2042295145247838
21187,NYMEX:LCE260917P60,60.0,70.88,6.8359356251595536,6.22457947301832,0.8625227880096412
663,NYMEX:LO260917P62,62.0,70.88,6.8872136182983645,6.771476361854628,0.1632861970143012
7575,NYMEX:LO260917P63,63.0,70.88,7.1512658937061495,7.052104191264998,0.13990082172848628
12225,NYMEX:LO260917P64,64.0,70.88,7.421473933030445,7.340263694175331,0.11457426475044288
6810,NYMEX:LCE260917P65,65.0,70.88,8.275109031959357,7.638237934349021,0.8985201715721433
17268,NYMEX:LO260917P65,65.0,70.88,7.700120738359097,7.638237934349021,0.08730643906613315
4507,NYMEX:LO260917P66,66.0,70.88,7.989654446139873,7.948472974500884,0.0581002703710343
7257,NYMEX:LCE260917P70,70.0,70.88,10.012600004629185,9.365476720038416,0.9129843179892344
3213,NYMEX:LCE260917P75,75.0,70.88,12.331970065649223,11.691851471335184,0.9031018542805292
9852,NYMEX:LCE260917P80,80.0,70.88,15.285856187170175,14.677119292223836,0.8588274477233913
